DATE,NCF,RCF
2/01/09,74.35,81
5/01/09,77.65,84.4
6/01/09,81.25,88.5
7/01/09,78.65,86.25
8/01/09,79.15,84
9/01/09,76.9,83.5
12/01/09,78.8,81.5
13/01/09,80.1,80.25
14/01/09,80.15,79.5
15/01/09,80.9,80.5
20/01/09,81.25,77.85
21/01/09,81.35,78.15
22/01/09,81.75,77.75
23/01/09,82,77.75
26/01/09,82.25,78.5
27/01/09,83.05,78
28/01/09,82.65,78
29/01/09,82.9,78.25
30/01/09,82.6,76.75
3/02/09,76,74.5
4/02/09,76.75,75.75
5/02/09,77.65,76.75
6/02/09,77.9,78.25
9/02/09,80,80.9
10/02/09,78.6,78.25
11/02/09,78,76.15
12/02/09,77,77.5
17/02/09,77.35,76
18/02/09,77,76
19/02/09,77.6,74.4
20/02/09,77.6,74.15
23/02/09,76.7,70.75
24/02/09,76,69.9
25/02/09,75.85,69.75
26/02/09,75.85,70.4
27/02/09,72.35,69
3/03/09,61.35,54.65
4/03/09,62.4,57.4
5/03/09,61.6,57.4
6/03/09,61.35,57.6
9/03/09,61.75,58
10/03/09,62.1,59.25
11/03/09,62.75,57.45
12/03/09,61.85,56.4
13/03/09,62.05,56.9
16/03/09,61.6,57
18/03/09,61.75,57.5
19/03/09,62.9,60.15
20/03/09,62.25,60.25
23/03/09,62.15,63
24/03/09,62.25,63.15
25/03/09,61.85,62.9
26/03/09,62,63.65
27/03/09,61.5,61.5
31/03/09,61.1,63.9
1/04/09,62,64.4
2/04/09,64.15,67.25
3/04/09,63.75,66.5
6/04/09,62.35,66.35
7/04/09,62.65,66.75
8/04/09,62.1,66.4
9/04/09,62.9,67
13/04/09,62.9,67
14/04/09,62.6,67.15
15/04/09,62.85,67
17/04/09,62.9,66.6
20/04/09,62.9,66.25
21/04/09,62.75,65.75
22/04/09,62.75,65.5
23/04/09,62.25,65.25
24/04/09,62.35,65.45
28/04/09,61.95,58.9
29/04/09,61.75,60
30/04/09,62.45,60.55
1/05/09,62.4,60.5
4/05/09,62.4,60.5
5/05/09,63.5,60.4
6/05/09,62.13,60.25
7/05/09,63.42,61.38
8/05/09,63.5,61.5
11/05/09,62.63,60.75
12/05/09,63.5,62
13/05/09,63,62.1
14/05/09,63.5,61.5
18/05/09,63.75,62.1
19/05/09,64.25,62.25
20/05/09,65.5,62.6
21/05/09,65.3,62.35
22/05/09,65.55,62.9
26/05/09,64.83,63.63
27/05/09,64.63,63
28/05/09,64.13,63
29/05/09,64.12,62.75
2/06/09,72.1,71.25
3/06/09,70.25,68.1
4/06/09,72.75,68.9
5/06/09,73.6,68.25
8/06/09,73.6,68.75
9/06/09,74.1,69.8
10/06/09,74.1,70.3
11/06/09,74.75,69.2
12/06/09,74.9,67.95
15/06/09,73,68
17/06/09,71.65,65.6
18/06/09,72.35,64.75
19/06/09,73.5,64.9
22/06/09,71.15,61.25
23/06/09,72.2,65.45
24/06/09,72.35,65.6
25/06/09,72.5,66
26/06/09,71.95,65.1
30/06/09,69.3,62.85
1/07/09,69.4,63.6
2/07/09,68.8,64.25
6/07/09,70.95,63.9
7/07/09,70.75,64.25
8/07/09,71,64.6
9/07/09,71.6,66.5
10/07/09,72.5,67.1
13/07/09,72.15,68.1
14/07/09,72.7,68.65
15/07/09,73,68.6
16/07/09,74,68.75
20/07/09,73.6,67.4
21/07/09,74.6,67.4
22/07/09,73.75,67.35
23/07/09,74.25,67.5
24/07/09,74.4,67.75
27/07/09,74.4,68
28/07/09,73.85,67.75
29/07/09,73.5,67.5
30/07/09,73.3,67.65
31/07/09,73.7,67.7
4/08/09,73.75,68.4
5/08/09,73.65,68.9
6/08/09,74.25,69.85
7/08/09,74.05,69.9
10/08/09,73.85,70.6
11/08/09,73.95,70.35
12/08/09,73.95,70.6
13/08/09,74.35,70.75
14/08/09,73.65,71
18/08/09,73.3,71.1
19/08/09,73.2,71.1
20/08/09,73.4,71.15
21/08/09,72.9,71.4
24/08/09,72.7,71.4
25/08/09,72.7,71.85
26/08/09,72.75,71.6
27/08/09,72.7,71.4
28/08/09,72.35,70.85
31/08/09,72.35,70.85
1/09/09,67.75,68.25
2/09/09,66.7,67.45
3/09/09,66.9,67.75
4/09/09,66.35,67
8/09/09,66.5,67.35
9/09/09,66.9,68.1
10/09/09,67.5,68.25
11/09/09,67,67.9
14/09/09,67.1,66.75
17/09/09,68.85,68.25
18/09/09,68.4,68.2
21/09/09,68.25,68
22/09/09,68.55,69
23/09/09,68.35,68.85
24/09/09,67.95,68.25
25/09/09,67.95,68.2
28/09/09,69.7,69.1
29/09/09,69.55,69.6
30/09/09,71.1,70.9
1/10/09,71.05,71.2
2/10/09,70.45,70.4
5/10/09,70.55,70.8
6/10/09,71.55,72.5
7/10/09,71.95,72.7
8/10/09,71.95,72.45
9/10/09,71.5,72.55
12/10/09,72,73.15
13/10/09,72.1,72.9
14/10/09,71.9,73.2
15/10/09,71.7,73.15
19/10/09,71.4,73.2
20/10/09,70.9,72.85
21/10/09,71.7,73.45
22/10/09,71.95,74.05
23/10/09,72.4,73.85
26/10/09,71.7,72.8
27/10/09,72.05,73.45
28/10/09,72.05,73.2
29/10/09,72.45,73.75
30/10/09,72.3,74.15
3/11/09,75,75.6
4/11/09,75.25,75.85
5/11/09,75.75,75.9
6/11/09,76.65,76.3
9/11/09,77,76.8
10/11/09,76.85,77.35
11/11/09,78.1,77.25
12/11/09,77.8,77.15
13/11/09,78.55,77.5
17/11/09,80.15,77.95
18/11/09,80.2,78.55
19/11/09,80.1,77.65
20/11/09,80.4,77.6
23/11/09,80.35,77.65
24/11/09,79.7,77.55
25/11/09,80.25,77.55
27/11/09,80.1,77.55
30/11/09,81.8,77.35
1/12/09,81.35,77.5
2/12/09,81.2,76.65
3/12/09,81,76.75
4/12/09,80.7,76.6
7/12/09,80.5,76.35
8/12/09,80.4,76.25
9/12/09,80.75,76.45
10/12/09,80.5,76.35
11/12/09,80.4,76.45
14/12/09,80.45,76.4
16/12/09,81.55,77.8
18/12/09,81.45,78
21/12/09,81.5,78.85
22/12/09,81.7,79.15
23/12/09,81.6,78.9
24/12/09,81.6,78.9
28/12/09,81.6,78.9
29/12/09,88.95,83.25
30/12/09,89.6,83.7
31/12/09,90.1,83.6
4/01/10,92.45,88.65
5/01/10,96.1,93
6/01/10,97.5,93.3
7/01/10,102.45,96.65
8/01/10,101.1,94.7
11/01/10,97.85,92.2
12/01/10,96,87.8
13/01/10,95.35,84.4
14/01/10,96.35,85.4
19/01/10,98.85,85.15
20/01/10,96.9,84.2
21/01/10,94.5,84.5
22/01/10,95.45,84.95
25/01/10,95.95,86.25
26/01/10,95.2,86.65
27/01/10,94.65,86.4
28/01/10,94.6,86
29/01/10,95.3,85.7
2/02/10,93.4,78.5
3/02/10,92.9,77.35
4/02/10,91.3,77.2
5/02/10,91.1,76.95
8/02/10,90.6,75.85
9/02/10,91.15,76.1
10/02/10,90.6,73.9
11/02/10,90.5,73.1
16/02/10,92.05,75.1
17/02/10,92.05,74.4
18/02/10,92.2,74.5
19/02/10,92.7,74.75
22/02/10,92.7,75.25
23/02/10,93.1,75.35
24/02/10,93.2,75.4
25/02/10,93.75,75.4
26/02/10,93.85,75.6
2/03/10,96,75.95
3/03/10,95.95,73.55
4/03/10,95.25,73.5
5/03/10,94.6,73
8/03/10,94.85,71.9
9/03/10,94.5,70.3
10/03/10,94.8,70.9
11/03/10,94.55,72.3
12/03/10,94.35,72.55
15/03/10,94.7,73.3
18/03/10,94.75,73.3
19/03/10,94.55,73.3
22/03/10,94.45,73.4
23/03/10,94.45,73.6
24/03/10,94.45,73.5
25/03/10,94.4,73.35
26/03/10,94.65,73.35
30/03/10,94.45,74.05
31/03/10,94.95,75.4
1/04/10,96.35,75.5
5/04/10,96.35,75.5
6/04/10,98.65,78.15
7/04/10,99.2,77.85
8/04/10,98.8,78.15
9/04/10,98.75,78.65
12/04/10,98.5,77.45
13/04/10,97.9,76.1
14/04/10,98.2,76.75
15/04/10,97.75,76.35
19/04/10,97.8,76.7
20/04/10,98.7,77.5
21/04/10,101,80.55
22/04/10,101.9,81.4
23/04/10,102.2,80.95
26/04/10,104.25,83.55
27/04/10,104.95,85.3
28/04/10,102.9,83.5
29/04/10,104.75,84.9
30/04/10,103.85,83.7
3/05/10,103.85,83.7
4/05/10,109.5,89.15
5/05/10,109.5,88.6
6/05/10,105.75,91.1
7/05/10,103.4,91.35
10/05/10,104.4,91.6
11/05/10,101.65,90.25
12/05/10,100.95,88.25
13/05/10,101,88.5
14/05/10,101.5,87.9
18/05/10,101.65,88.25
19/05/10,99.5,87.75
20/05/10,100.25,88.25
21/05/10,100.6,90.25
24/05/10,101.75,92.75
25/05/10,101.35,91
26/05/10,100.2,90.15
27/05/10,100.95,89.85
28/05/10,101.6,89.4
1/06/10,99.05,88.85
2/06/10,98.75,89.65
3/06/10,99,91.25
4/06/10,99.3,92.75
7/06/10,99.65,94.15
8/06/10,99.4,96.9
9/06/10,99.45,98.9
10/06/10,99.9,97.95
11/06/10,99.9,96.4
14/06/10,100.75,96.75
17/06/10,100.4,95.9
18/06/10,100.15,96
21/06/10,99.9,94.75
22/06/10,99.2,94.1
23/06/10,99.5,94.5
24/06/10,99.15,94.5
25/06/10,99.65,94.5
29/06/10,99.15,94
30/06/10,98.9,94.4
1/07/10,98.15,94.25
2/07/10,97.65,93.5
6/07/10,97.1,93.45
7/07/10,96.4,92.8
8/07/10,97.1,93.25
9/07/10,97.15,93.55
12/07/10,97.05,93.05
13/07/10,96.8,93.05
14/07/10,97.05,93.1
15/07/10,97.15,92.9
19/07/10,96.6,92.75
20/07/10,96.55,92.65
21/07/10,96.15,92.3
22/07/10,95.95,92.45
23/07/10,95.95,92.6
26/07/10,96.05,92.7
27/07/10,95.95,92.7
28/07/10,95.65,92.6
29/07/10,96.3,92.75
30/07/10,96.2,92.75
2/08/10,94.85,94.85
3/08/10,94.5,95.3
4/08/10,93.65,95.05
5/08/10,91.8,94.95
6/08/10,91.25,94.55
9/08/10,90.55,94.25
10/08/10,90.1,94
11/08/10,89.3,92.95
12/08/10,88.85,92.6
13/08/10,88.1,92.4
16/08/10,88.7,92.45
18/08/10,88.75,92.15
19/08/10,89.35,92.25
20/08/10,89.7,91.95
23/08/10,89.3,92.4
24/08/10,89.7,91.85
25/08/10,89.65,91.5
26/08/10,89.75,91.6
27/08/10,90.4,91.8
30/08/10,90.4,91.8
31/08/10,94.15,91.25
1/09/10,94.1,91.15
2/09/10,94,91.23
3/09/10,94.13,91.45
7/09/10,93.88,90.68
8/09/10,93.5,90.55
9/09/10,93.17,90.7
10/09/10,93.25,90.75
13/09/10,94,90.93
15/09/10,93.83,91.47
17/09/10,94.58,92.18
20/09/10,94.42,92.03
21/09/10,94.52,92.13
22/09/10,94.47,92.45
23/09/10,94.43,92.95
24/09/10,94.75,92.67
28/09/10,95.27,95.2
29/09/10,95.64,95.9
30/09/10,95.94,96.37
1/10/10,96.05,96.53
4/10/10,95.43,95.95
5/10/10,95.13,96.2
6/10/10,95.63,96.83
7/10/10,95.62,96.78
8/10/10,95.31,96.58
11/10/10,95.73,97.28
12/10/10,95.36,97.27
13/10/10,96.19,98.25
14/10/10,96.83,99.33
18/10/10,97,98.25
19/10/10,97.45,100.45
20/10/10,97.9,98.75
21/10/10,97.5,99.1
22/10/10,97.7,98.75
25/10/10,98.05,99
26/10/10,97.5,98.9
27/10/10,97.9,99.25
28/10/10,97.65,98.9
29/10/10,97.4,98.9
2/11/10,106.25,106.2
3/11/10,106.4,105.4
4/11/10,106.35,104.95
5/11/10,106.1,104.8
8/11/10,105.75,104
9/11/10,105.65,103.5
10/11/10,106.65,104.4
11/11/10,107.75,105.45
12/11/10,110.1,105.55
15/11/10,112.75,106.65
17/11/10,109.35,105.45
18/11/10,109.65,105.6
19/11/10,109.8,105.65
22/11/10,108.15,106.2
23/11/10,107.7,106
24/11/10,107.6,106.75
26/11/10,107.05,106.35
30/11/10,112.3,114.35
1/12/10,112,116.45
2/12/10,113.35,117.9
3/12/10,114.35,119.3
6/12/10,115.15,121.1
7/12/10,115.05,120.15
8/12/10,114.75,118.4
9/12/10,114.25,116.5
10/12/10,115.7,117.15
13/12/10,116.25,118
15/12/10,115.5,117.7
16/12/10,115.65,118.25
20/12/10,116.25,121.25
21/12/10,116.1,121.15
22/12/10,118,121.4
23/12/10,117.25,121.25
27/12/10,117,121.25
28/12/10,117,121.25
29/12/10,121.75,125
30/12/10,122.4,124.15
31/12/10,122.65,124.35
3/01/11,122.65,124.35
4/01/11,137.3,130.1
5/01/11,130.65,123.4
6/01/11,133.15,126.4
7/01/11,136.35,128.2
10/01/11,139.05,130.15
11/01/11,138.75,129.4
12/01/11,138,128.5
13/01/11,137.75,128
14/01/11,136,127.15
18/01/11,133.55,125.85
19/01/11,133.75,125.6
20/01/11,132.95,125.15
21/01/11,131.9,122.15
24/01/11,129.65,120.75
25/01/11,129.25,119.75
26/01/11,127.75,119.9
27/01/11,128,120.25
28/01/11,130.35,122
1/02/11,129.35,119.1
2/02/11,127.85,119.9
3/02/11,127.35,122.1
4/02/11,127,121.75
7/02/11,123.5,119.15
8/02/11,123.45,118.3
9/02/11,122.8,117.95
10/02/11,123.15,117.4
11/02/11,123.5,117.75
15/02/11,124.9,118.15
16/02/11,125.5,117.85
17/02/11,126,118.05
18/02/11,126.7,118
22/02/11,126.25,118.7
23/02/11,127.9,119.1
24/02/11,127.5,119.2
25/02/11,129,119.5
1/03/11,130.9,119.7
2/03/11,130.6,120.05
3/03/11,130.4,121.05
4/03/11,131.5,122.45
7/03/11,130.6,124
8/03/11,130.1,123.55
9/03/11,129.95,123.7
10/03/11,129.45,122.1
11/03/11,130,122.65
14/03/11,129.15,125.25
16/03/11,129.15,127.55
18/03/11,124,125.25
21/03/11,124.85,127.15
22/03/11,124.45,128.1
23/03/11,125.55,129.45
24/03/11,125.15,126.7
25/03/11,125.8,126.5
29/03/11,120.35,125.7
30/03/11,120.15,125.3
31/03/11,123.2,127.4
1/04/11,123.5,128.6
4/04/11,123.8,131.2
5/04/11,122.5,129
6/04/11,122.45,129.15
7/04/11,122.35,128
8/04/11,122.65,129
11/04/11,122.5,129.25
12/04/11,121.9,127.9
13/04/11,122.65,128
14/04/11,122.65,128.25
18/04/11,122.35,127.75
19/04/11,122.3,127.7
20/04/11,122.6,127.85
21/04/11,122.55,127.8
25/04/11,122.55,127.8
26/04/11,122.45,127.8
27/04/11,122.45,127.95
28/04/11,122.8,128.25
29/04/11,122.8,128.25
2/05/11,122.8,128.25
3/05/11,124.05,127.9
4/05/11,124.45,127.95
5/05/11,123.65,126
6/05/11,123.35,126
9/05/11,122.95,125.6
10/05/11,122.25,124.3
11/05/11,121.5,123.5
12/05/11,120.3,122.1
13/05/11,119.35,121.6
16/05/11,119.75,121.55
18/05/11,119.75,123.15
19/05/11,119.8,123.35
20/05/11,119.55,123.4
23/05/11,119.75,123
24/05/11,119.55,123
25/05/11,119.4,122.9
26/05/11,119.35,121.55
27/05/11,120.35,122.45
31/05/11,120.95,122.15
1/06/11,120.85,122.2
2/06/11,120.85,121.85
3/06/11,121.35,122.8
6/06/11,121.45,123.55
7/06/11,122.35,125.3
8/06/11,121.3,124.55
9/06/11,121.55,124.75
10/06/11,121.45,124.25
13/06/11,121.5,124.7
15/06/11,121.15,124.25
17/06/11,119.5,122.65
20/06/11,120.5,122.1
21/06/11,120.55,122.3
22/06/11,120.45,122.35
23/06/11,120.4,121.75
24/06/11,120.4,121.65
28/06/11,121.55,121.8
29/06/11,121.9,122.55
30/06/11,121.3,122.65
1/07/11,121.45,122.7
5/07/11,121.85,124.05
6/07/11,121.35,123.75
7/07/11,121.35,123.45
8/07/11,121.15,123.25
11/07/11,120.2,122.65
12/07/11,120.6,122.65
13/07/11,121.2,122.85
14/07/11,121.1,122.9
18/07/11,120.7,122.7
19/07/11,121.1,122.85
20/07/11,121.35,123.1
21/07/11,121.35,123.1
22/07/11,121.25,123.2
25/07/11,121.3,123.5
26/07/11,121.25,123.65
27/07/11,121.2,123.65
28/07/11,121.1,123.75
29/07/11,121.05,123.85
2/08/11,121.25,126.25
3/08/11,121.25,126.5
4/08/11,120.4,126.35
5/08/11,120.65,126.15
8/08/11,119.5,125.5
9/08/11,119.15,124.6
10/08/11,119.5,125.05
11/08/11,119.45,125.35
12/08/11,119.55,125.7
15/08/11,120.05,125.8
16/08/11,120.1,125.55
18/08/11,120.15,125
19/08/11,120,124.65
22/08/11,120.3,124.5
23/08/11,120.45,124.75
24/08/11,120.6,124.85
25/08/11,120.55,124.8
26/08/11,120.6,124.75
29/08/11,120.6,124.75
30/08/11,122.3,124.65
31/08/11,122.85,125.8
1/09/11,122.7,126.3
2/09/11,123.15,126.35
6/09/11,123.5,126.15
7/09/11,123.55,126.25
8/09/11,123.55,125.9
9/09/11,123.3,125.15
12/09/11,123.3,124.5
13/09/11,123.25,124.05
14/09/11,123.15,123.55
15/09/11,123.65,123.9
19/09/11,123.6,123.8
21/09/11,123.65,124
22/09/11,123.55,123.8
23/09/11,123.55,123.6
26/09/11,123.35,123.8
27/09/11,123.45,123.5
28/09/11,123.5,123.75
29/09/11,123.45,123.7
30/09/11,123.2,122.55
4/10/11,120,117.85
5/10/11,120.35,118.3
6/10/11,120.6,118.9
7/10/11,120.8,118.7
10/10/11,121.2,118.85
11/10/11,121.25,118.5
12/10/11,121.1,118.9
13/10/11,120.9,118
14/10/11,120.9,117.85
18/10/11,119.7,116.7
19/10/11,119.55,115.35
20/10/11,119.15,115.65
21/10/11,119.2,116.45
24/10/11,119.6,117.25
25/10/11,119.75,117.3
26/10/11,119.65,117.3
27/10/11,119.8,117.35
28/10/11,119.75,117.7
1/11/11,117.65,116.2
2/11/11,117.8,116.6
3/11/11,117.8,117.1
4/11/11,117.85,117.45
7/11/11,117.9,117.8
8/11/11,117.4,117.1
9/11/11,116.5,116.35
10/11/11,115.5,116
11/11/11,115.45,115.75
14/11/11,115,115.8
15/11/11,115.2,115.8
17/11/11,115.55,115.6
18/11/11,115.45,115.4
21/11/11,114.9,115.75
22/11/11,114.9,114.6
23/11/11,114.7,113.95
25/11/11,114.5,115.25
29/11/11,110.55,111.05
30/11/11,111.6,112.1
1/12/11,111.85,112.1
2/12/11,111.9,112.2
5/12/11,111.95,112.1
6/12/11,111.35,111.85
7/12/11,110.95,111.4
8/12/11,110.75,111.05
9/12/11,111.15,111.2
12/12/11,111.5,111.4
13/12/11,111.25,111.55
14/12/11,111.1,111.05
15/12/11,111,110.75
19/12/11,110.4,110.35
21/12/11,111.1,111.05
22/12/11,111.25,111.2
23/12/11,111.3,111.3
27/12/11,111.3,111.3
28/12/11,110.8,110.8
29/12/11,110.85,110.35
30/12/11,112.25,110.2
3/01/12,111.3,109.35
4/01/12,112.25,109.55
5/01/12,112.35,110.1
6/01/12,113.5,110.2
9/01/12,112.95,109.35
10/01/12,113,108.85
11/01/12,113.85,108.15
12/01/12,113.7,107.75
13/01/12,113.65,105.95
17/01/12,114.2,104.3
18/01/12,115.25,105.65
19/01/12,115.15,106.25
20/01/12,116.5,106.35
23/01/12,116.65,106.15
24/01/12,117.5,106.1
25/01/12,117.5,106.15
26/01/12,117.45,106.1
27/01/12,118.1,105.8
30/01/12,118.85,105.5
31/01/12,117.45,102.85
1/02/12,117.15,101.05
2/02/12,117.65,101.55
3/02/12,118.25,101.2
6/02/12,118.05,100.75
7/02/12,118.2,99.85
8/02/12,118.1,98.95
9/02/12,118,98.95
10/02/12,117.75,98.25
13/02/12,117.85,98.1
14/02/12,117.95,98.7
15/02/12,118.05,98.6
16/02/12,118.05,98.9
17/02/12,118.15,99.15
21/02/12,117.85,99.35
22/02/12,118.1,99.45
23/02/12,118,99.5
24/02/12,118,99.4
27/02/12,114.5,100.75
28/02/12,113.5,99.15
29/02/12,112.1,97.65
1/03/12,111.25,96.95
2/03/12,110.75,96.55
5/03/12,110.05,96.75
6/03/12,109.35,96.75
7/03/12,109.35,97.4
8/03/12,108.6,98.15
9/03/12,107.65,97.65
12/03/12,107.1,97.25
13/03/12,106.8,97.3
14/03/12,107.2,96.7
15/03/12,107,96.6
16/03/12,107.15,96.7
19/03/12,107.25,97.05
20/03/12,106.9,96.9
21/03/12,107.25,97
22/03/12,107.3,96.85
23/03/12,107.15,96.65
26/03/12,107,96.65
27/03/12,107,97.1
28/03/12,107.2,97.35
29/03/12,107,98.3
30/03/12,107,99
2/04/12,109.45,101.3
3/04/12,108.45,99.8
4/04/12,106.95,98.35
5/04/12,106.75,98.4
9/04/12,106.75,98.4
10/04/12,106.4,97.75
11/04/12,105.4,97.1
12/04/12,105.45,96.9
13/04/12,105.05,97.5
16/04/12,103.65,96.85
17/04/12,102.85,96.7
18/04/12,103.55,96.6
19/04/12,103.05,96.2
20/04/12,103.2,96.5
23/04/12,102.7,96.4
24/04/12,103.25,96.5
25/04/12,103.05,96.35
26/04/12,103.05,96.35
27/04/12,102.95,96.25
30/04/12,100.75,91.15
1/05/12,100.95,89.3
2/05/12,99.75,88.65
3/05/12,99.9,89.25
4/05/12,99.65,88.9
7/05/12,99.65,88.9
8/05/12,99.6,87.15
9/05/12,99.75,87.75
10/05/12,99.6,87.9
11/05/12,99.65,88.3
14/05/12,99.35,87.85
15/05/12,99,87.8
16/05/12,98.75,87.25
17/05/12,99.05,87.2
18/05/12,98.65,86.8
21/05/12,98.2,86.4
22/05/12,97.85,85.65
23/05/12,96.95,85.3
24/05/12,97.25,85.3
25/05/12,98.5,86.65
29/05/12,92.25,88.7
30/05/12,91.65,89.15
31/05/12,91.45,88.4
1/06/12,91.25,88.2
4/06/12,91.25,88.2
5/06/12,91.25,88.2
6/06/12,90.25,87.35
7/06/12,89.4,87
8/06/12,88.5,86.75
11/06/12,88.25,86
12/06/12,88.3,85.35
13/06/12,88.65,85.65
14/06/12,87.45,85.6
15/06/12,87.85,85.25
18/06/12,87.2,85.85
19/06/12,87.6,85.9
20/06/12,87.65,86.25
21/06/12,87.75,86.1
22/06/12,88.15,86.75
25/06/12,88.1,86.7
26/06/12,88.1,86.7
27/06/12,88.4,86.9
28/06/12,88.4,86.8
29/06/12,88.4,86.7
2/07/12,89.9,90.05
3/07/12,90.15,90.4
5/07/12,89,89.65
6/07/12,88.9,89.6
9/07/12,88.6,89.3
10/07/12,87.9,88.75
11/07/12,87.3,88.45
12/07/12,87.15,87.8
13/07/12,87.55,88.2
16/07/12,87.75,88.3
17/07/12,87.5,88.7
18/07/12,88.05,89.1
19/07/12,87.95,89.05
20/07/12,88.1,88.85
23/07/12,87.05,87.65
24/07/12,87.55,88.85
25/07/12,87.75,89
26/07/12,88.15,89.1
27/07/12,88.4,90.4
30/07/12,89.1,92.45
31/07/12,90.15,94.3
1/08/12,90.2,94.6
2/08/12,89.45,93.55
3/08/12,89.75,94.2
6/08/12,91.55,95
7/08/12,92.1,95.35
8/08/12,93.4,95.8
9/08/12,92.55,95.65
10/08/12,92.15,95.4
13/08/12,92.55,95.9
14/08/12,92.45,95.6
15/08/12,92.1,94.45
16/08/12,91.8,94.3
17/08/12,91.55,94.25
20/08/12,91.5,94.1
21/08/12,91.65,94.35
22/08/12,91.4,94.15
23/08/12,91.45,93.9
24/08/12,91.35,94
27/08/12,91.35,94
28/08/12,91.3,93.9
29/08/12,91.05,93.9
30/08/12,91.1,93.9
31/08/12,91.75,93.9
4/09/12,91.2,92.6
5/09/12,91.35,92.35
6/09/12,91.15,92.3
7/09/12,91.2,92.25
10/09/12,91,91.55
11/09/12,90.55,90.8
12/09/12,90.55,90.2
13/09/12,90,89.65
14/09/12,90,90
17/09/12,90,89.9
18/09/12,90.5,89.7
19/09/12,90.6,89.9
20/09/12,90.1,89.7
21/09/12,90.45,89.7
24/09/12,89.5,89.5
25/09/12,89.65,89.5
26/09/12,89.6,89.5
27/09/12,89.6,89.5
28/09/12,89.5,89.5
1/10/12,86.15,87.05
2/10/12,86.15,87.2
3/10/12,85.85,87
4/10/12,86.25,87.55
5/10/12,86.25,88.05
8/10/12,86,88.15
9/10/12,85.2,88.05
10/10/12,84.35,87.45
11/10/12,83.6,86.9
12/10/12,83.3,86.3
15/10/12,82.35,85.35
16/10/12,82.55,86
17/10/12,83.75,86.7
18/10/12,83.3,86.65
19/10/12,83.5,86.8
22/10/12,83.15,86.8
23/10/12,83.05,86.75
24/10/12,83.25,86.65
25/10/12,83.25,86.65
26/10/12,83.25,86.6
29/10/12,83.7,84.8
30/10/12,84,85.4
31/10/12,83.6,85.5
1/11/12,83.4,85.85
2/11/12,82.9,86.1
5/11/12,83.35,86.85
6/11/12,83.2,87.85
7/11/12,83.15,87.3
8/11/12,84.2,87.9
9/11/12,84.7,87.95
12/11/12,85,88.55
13/11/12,84.3,88.4
14/11/12,84.45,88.4
15/11/12,84.8,89.15
16/11/12,85.55,89.55
19/11/12,85.4,89.35
20/11/12,84.95,89.15
21/11/12,84.8,88.9
23/11/12,85.45,89.35
26/11/12,85.6,89.35
27/11/12,85.55,89.5
28/11/12,85.8,89.5
29/11/12,85.85,89.5
30/11/12,85.9,89.5
3/12/12,95.15,93.1
4/12/12,94.6,92.65
5/12/12,94.4,92
6/12/12,93.75,91.05
7/12/12,93.2,90.45
10/12/12,93.15,90.05
11/12/12,92.6,89.4
12/12/12,91.95,88.5
13/12/12,92.85,88.85
14/12/12,93.75,89.85
17/12/12,93.5,90.25
18/12/12,93.7,90.65
19/12/12,93.8,90.85
20/12/12,93.7,90.45
21/12/12,93.45,90.2
24/12/12,93.45,90.35
26/12/12,93.45,90.35
27/12/12,93.5,90.35
28/12/12,93.55,90.05
31/12/12,93.75,89.95
2/01/13,94.85,89.7
3/01/13,94.4,88.6
4/01/13,95,88.5
7/01/13,94.35,87.35
8/01/13,93.4,86.7
9/01/13,93.3,86.7
10/01/13,93.25,86.55
11/01/13,93.65,86.45
14/01/13,93.6,86.15
15/01/13,93.3,86.05
16/01/13,93.25,86.05
17/01/13,93.35,86.55
18/01/13,93.25,86.45
22/01/13,93.25,86.15
23/01/13,93.15,86.05
24/01/13,93.15,86.15
25/01/13,93.25,86.2
28/01/13,95.35,87.75
29/01/13,95.35,87.15
30/01/13,95.45,86.9
31/01/13,95.2,86.05
1/02/13,95.4,86.25
4/02/13,95.6,86.2
5/02/13,96.15,86.65
6/02/13,96.3,86.7
7/02/13,95.7,87.05
8/02/13,96,88.65
11/02/13,95.4,87.9
12/02/13,95.55,87.6
13/02/13,95.1,87.55
14/02/13,95.1,87.4
15/02/13,94.85,87.3
19/02/13,94.9,87.6
20/02/13,94.9,87.65
21/02/13,95.25,87.6
22/02/13,94.5,87.65
25/02/13,93.35,89.35
26/02/13,92.75,89.45
27/02/13,93.55,89.25
28/02/13,94.25,90.6
1/03/13,94.05,89.95
4/03/13,93.35,88.5
5/03/13,93.1,88.1
6/03/13,92.75,87.6
7/03/13,92.35,87.95
8/03/13,92.05,87.75
11/03/13,91.85,87.7
12/03/13,92.3,87.9
13/03/13,92.25,87.3
14/03/13,92.2,87.1
15/03/13,92.55,86.9
18/03/13,92.25,86.5
19/03/13,91.75,85.65
20/03/13,91.1,85.55
21/03/13,91.6,85.35
22/03/13,91.8,85.5
25/03/13,91.9,85.3
26/03/13,91.75,85.4
27/03/13,90.95,85.15
28/03/13,90.65,85.4
1/04/13,87.05,78.3
2/04/13,86.9,78.25
3/04/13,87.65,80.1
4/04/13,88.05,80.9
5/04/13,88.4,81.5
8/04/13,88.5,81.5
9/04/13,88.3,80.55
10/04/13,88.5,80.95
11/04/13,88.8,81.6
12/04/13,89.4,82.2
15/04/13,88.2,81.75
16/04/13,88.05,82.25
17/04/13,87.45,81.65
18/04/13,87.65,81.65
19/04/13,87.4,82.1
22/04/13,87.5,82.3
23/04/13,88.15,82.65
24/04/13,87.25,82.4
25/04/13,87.3,82.5
26/04/13,86.95,82.25
29/04/13,86.8,84.9
30/04/13,87,83.95
1/05/13,87,83.1
2/05/13,86.9,83.3
3/05/13,87.5,83.9
6/05/13,87.5,83.9
7/05/13,87.65,83.75
8/05/13,87.7,83.75
9/05/13,87.7,83.8
10/05/13,87.35,83.3
13/05/13,87.4,82.55
14/05/13,87.5,82.75
15/05/13,87.6,82.7
16/05/13,87.65,82.3
17/05/13,87.7,81.95
20/05/13,87.75,82
21/05/13,87.7,82.15
22/05/13,87.65,82.05
23/05/13,87.8,82.1
24/05/13,87.75,82.1
28/05/13,87.5,82
29/05/13,87.7,82.1
30/05/13,87.65,82.05
31/05/13,87.7,82.05
3/06/13,86.6,78.3
4/06/13,86.55,77.7
5/06/13,86.4,77.7
6/06/13,85.7,77.3
7/06/13,85.5,77.15
10/06/13,84.45,76.4
11/06/13,84.05,75.4
12/06/13,83.9,75.25
13/06/13,83.75,74.5
14/06/13,83.75,74.25
17/06/13,83.8,74.15
18/06/13,83.7,74.4
19/06/13,83.75,74.55
20/06/13,83.45,74.65
21/06/13,83.15,74.5
24/06/13,82.95,74.4
25/06/13,83,74.65
26/06/13,83,74.5
27/06/13,83,74.55
28/06/13,83,74.55
1/07/13,76.95,73.7
2/07/13,77.55,73.55
3/07/13,77.35,74
5/07/13,76.95,74.95
8/07/13,76.95,74.8
9/07/13,76.85,74.85
10/07/13,76.45,74.6
11/07/13,76.95,74.9
15/07/13,77,74.9
16/07/13,77.15,75.1
17/07/13,77.25,75.05
18/07/13,77.4,74.85
19/07/13,77.3,74.6
22/07/13,77.2,74.4
23/07/13,77.35,74.9
24/07/13,77.25,74.9
25/07/13,77.3,75
26/07/13,77.25,74.9
29/07/13,76.85,77.65
30/07/13,77.3,77.55
31/07/13,77.05,76.35
1/08/13,76.95,76.15
2/08/13,77,75.55
5/08/13,76.95,75.2
6/08/13,76.8,75.1
7/08/13,76.9,75.15
8/08/13,77.1,75.1
9/08/13,77.7,75.4
12/08/13,78.35,75.3
13/08/13,78.45,75.4
14/08/13,78.9,75.5
15/08/13,78.65,75.45
16/08/13,78.7,75.55
19/08/13,78.8,75.5
20/08/13,78.55,75.45
21/08/13,78.45,75.45
22/08/13,78.5,75.65
23/08/13,78.3,75.8
26/08/13,78.3,75.8
27/08/13,78.1,75.55
28/08/13,78.25,75.4
29/08/13,78.25,75.6
30/08/13,78.55,75.6
3/09/13,78.5,76.4
4/09/13,76.95,76.4
5/09/13,77,76.7
6/09/13,77.1,76.1
9/09/13,77.2,76.35
10/09/13,77.25,76.25
11/09/13,77.4,76.45
12/09/13,77.7,76.7
13/09/13,77.8,77
16/09/13,77.75,76.9
17/09/13,78.5,77.7
18/09/13,78.55,78.15
19/09/13,78.55,78
20/09/13,78.4,77.7
23/09/13,78.5,78.3
24/09/13,78.5,78.3
25/09/13,78.55,78.45
26/09/13,78.55,78.45
27/09/13,78.4,78.3
30/09/13,79.15,82.6
1/10/13,78.75,81.6
2/10/13,79.95,82.55
3/10/13,79.8,82.4
4/10/13,80,82.9
7/10/13,80.8,83.05
8/10/13,80.5,82.8
9/10/13,80.9,82.7
10/10/13,80.9,82.8
11/10/13,80.45,82.4
14/10/13,80.7,82.5
15/10/13,80.6,82.4
16/10/13,80.55,82.8
17/10/13,80.75,83.45
18/10/13,81.3,83.7
21/10/13,80.9,83.8
22/10/13,81.2,83.8
23/10/13,81.25,83.75
24/10/13,81.5,83.9
25/10/13,81.45,83.95
28/10/13,84.6,86.4
29/10/13,84.7,86.25
30/10/13,84.4,85.75
31/10/13,84.15,83.75
1/11/13,84.4,83.1
4/11/13,83.95,83.05
5/11/13,84,83.25
6/11/13,84.15,84
7/11/13,84.7,84.35
8/11/13,84.55,84.05
11/11/13,84.45,84.1
12/11/13,84.5,83.25
13/11/13,84.5,83.15
14/11/13,84.55,83.4
15/11/13,84.7,83.8
18/11/13,84.65,83.75
19/11/13,84.6,83.85
20/11/13,84.65,84.5
21/11/13,84.65,84.4
22/11/13,84.4,84.4
25/11/13,84.5,84.05
26/11/13,84.55,84.45
27/11/13,84.55,84.35
29/11/13,84.55,84.4
2/12/13,85.2,82.25
3/12/13,86.2,82.25
4/12/13,85.4,81.95
5/12/13,85.35,82.6
6/12/13,85.3,83.35
9/12/13,85.3,83.65
10/12/13,85.2,84.6
11/12/13,85.45,85.15
12/12/13,85.45,85.8
13/12/13,85.4,85.9
16/12/13,85.65,85.45
17/12/13,85.7,85.3
18/12/13,85.8,85.2
19/12/13,85.9,84.95
20/12/13,85.85,85
23/12/13,85.85,84.9
24/12/13,85.85,84.9
26/12/13,85.85,84.9
27/12/13,85.95,85.05
30/12/13,87.25,81.75
31/12/13,87.25,81.55
2/01/14,87.15,80.75
3/01/14,86.5,79.5
6/01/14,85.7,79.75
7/01/14,85,79.6
8/01/14,85.2,81.9
9/01/14,85,84
10/01/14,83.8,83.6
13/01/14,83.5,83.9
14/01/14,83.15,83.8
15/01/14,83.55,84.4
16/01/14,83.55,84.5
17/01/14,83.55,84.35
21/01/14,82.45,83.8
22/01/14,82.6,83.35
23/01/14,82.35,83.25
24/01/14,82.6,83.3
27/01/14,82.2,83.3
28/01/14,82.2,83.3
29/01/14,82.2,83.25
30/01/14,82.15,83.2
31/01/14,82.35,83.2
3/02/14,79.2,79.65
4/02/14,78.3,79.45
5/02/14,78.2,80.15
6/02/14,78.2,80.05
7/02/14,77.9,79.4
10/02/14,77.95,79.05
11/02/14,77.25,79.3
12/02/14,77.25,79.4
13/02/14,77.3,79.15
14/02/14,77.35,79.3
18/02/14,77.6,78.65
19/02/14,77.5,77.8
20/02/14,77.6,77.55
21/02/14,77.6,77.4
24/02/14,77.3,77.15
25/02/14,77.45,77.1
26/02/14,77.25,77.1
27/02/14,77.45,77.1
28/02/14,77.55,77.1
3/03/14,76.7,74.3
4/03/14,76.1,73.25
5/03/14,74.95,73.15
6/03/14,74.5,73.75
7/03/14,74.45,73.7
10/03/14,72.65,73.6
11/03/14,73.05,74.75
12/03/14,73.25,75.35
13/03/14,73.9,75.45
14/03/14,74.5,75.65
17/03/14,74.6,75.9
18/03/14,74.55,75.5
19/03/14,74.5,75.4
20/03/14,74.4,75.2
21/03/14,74.5,75.4
24/03/14,74.5,75.35
25/03/14,74.3,75.1
26/03/14,74.3,75.1
27/03/14,74.35,75.1
28/03/14,74.4,75.2
31/03/14,74.55,77.55
1/04/14,74.5,77.05
2/04/14,73.45,76.15
3/04/14,73.65,76.45
4/04/14,73.55,76.2
7/04/14,73.45,76.65
8/04/14,73.4,76.05
9/04/14,73.4,76
10/04/14,74,76.8
11/04/14,74.5,76.7
14/04/14,74.55,76.95
15/04/14,74.75,77.25
16/04/14,74.25,77.5
17/04/14,74.25,76.85
21/04/14,74.25,76.85
22/04/14,73.5,76.75
23/04/14,73.45,76.85
24/04/14,73.4,76.8
25/04/14,74.15,76.85
28/04/14,73.3,76.65
29/04/14,73.45,76.15
30/04/14,73.35,75.05
1/05/14,73.5,74.9
2/05/14,73.4,75
5/05/14,73.4,75
6/05/14,73.2,75.3
7/05/14,73.2,74.85
8/05/14,73.5,75.15
9/05/14,73.5,75.25
12/05/14,74.05,75
13/05/14,74.2,75.1
14/05/14,74.3,75.3
15/05/14,74.3,75.3
16/05/14,74.25,75.25
19/05/14,74.25,75.1
20/05/14,74.25,74.9
21/05/14,74.25,74.95
22/05/14,74.2,75.1
23/05/14,74.25,75
27/05/14,74.25,74.8
28/05/14,73.95,74.8
29/05/14,73.95,74.8
30/05/14,72.55,74.75
2/06/14,72.15,74.2
3/06/14,72.45,74.15
4/06/14,72.2,73.9
5/06/14,72.15,72.95
6/06/14,72.25,72.75
9/06/14,72.1,72.75
10/06/14,72.15,72.7
11/06/14,72.15,72.6
12/06/14,72.05,72.6
16/06/14,72.5,73.05
17/06/14,72.25,72.8
18/06/14,72,72.55
19/06/14,71.95,72.65
20/06/14,72,72.5
23/06/14,72,72.4
24/06/14,72,72.25
25/06/14,72,72.4
26/06/14,71.85,72.35
27/06/14,70.85,72.35
30/06/14,71.1,73.2
1/07/14,70.7,73.45
2/07/14,70.75,73.25
3/07/14,70.05,72.8
7/07/14,70,72.9
8/07/14,69.9,72.8
9/07/14,69.85,72.4
10/07/14,69.8,72.4
11/07/14,69.65,72.4
14/07/14,69.5,72.8
15/07/14,69.5,72.85
16/07/14,68.9,72.8
17/07/14,69,72.95
18/07/14,69.1,73
21/07/14,69,73.1
22/07/14,69.1,73.25
23/07/14,69.25,73.45
24/07/14,69.3,73.6
25/07/14,69.05,73.5
28/07/14,69.9,78.45
29/07/14,70.15,77.45
30/07/14,69.55,76.45
31/07/14,68.95,76.3
1/08/14,68.95,76.3
4/08/14,69.35,76.6
5/08/14,69.75,77
6/08/14,69.95,77.25
7/08/14,70.3,77.85
8/08/14,70.55,78.25
11/08/14,70.2,77.55
12/08/14,69.85,77.4
13/08/14,70.05,77.45
14/08/14,69.75,76.85
15/08/14,70.25,77.65
18/08/14,70.2,76.85
19/08/14,70,76.75
20/08/14,69.8,76.9
21/08/14,69.75,77
22/08/14,69.25,76.9
25/08/14,69.25,76.9
26/08/14,69.35,77
27/08/14,69.3,77
28/08/14,69.1,77
29/08/14,68.7,76.95
2/09/14,67.35,76.55
3/09/14,67.05,76.15
4/09/14,66.55,75.6
5/09/14,66.1,75.2
8/09/14,66.35,75.9
9/09/14,66.15,75.2
10/09/14,66.2,75.35
11/09/14,66.1,75.5
12/09/14,65.9,75.75
15/09/14,67.25,75.55
16/09/14,66.2,75.25
17/09/14,66.05,75.25
18/09/14,66.15,75.2
19/09/14,66.1,75.1
22/09/14,66.2,75.05
23/09/14,66.2,75.05
24/09/14,66.25,75
25/09/14,66.15,75
29/09/14,64.55,72.15
30/09/14,64.65,72.2
1/10/14,64.7,72.65
2/10/14,65,73.2
3/10/14,64.65,72.4
6/10/14,64.85,72.2
7/10/14,65.1,72.35
8/10/14,65.3,72.65
9/10/14,64.85,72.35
10/10/14,64.5,72.45
13/10/14,64.25,72.2
14/10/14,64.1,72.1
15/10/14,64.05,72.15
16/10/14,64.15,71.95
17/10/14,86.16,71.95
20/10/14,63.9,72
21/10/14,63.9,72.2
22/10/14,64.45,72.9
23/10/14,64.45,73
24/10/14,64.35,72.95
27/10/14,64.35,72.85
28/10/14,64.35,72.7
29/10/14,64.3,72.85
30/10/14,64.3,72.85
31/10/14,63.9,72.85
3/11/14,62.85,72
4/11/14,62.45,71.55
5/11/14,62.15,71.55
6/11/14,61.9,71.25
7/11/14,62.1,71.9
10/11/14,63.05,73.05
11/11/14,63.5,73.65
12/11/14,63.25,73.4
13/11/14,63.25,73.65
14/11/14,63.2,73.4
17/11/14,63.45,73.9
18/11/14,63.35,74.15
19/11/14,63.1,73.95
20/11/14,63,73.9
21/11/14,63.4,74.05
24/11/14,63.5,73.95
26/11/14,63.55,74.05
28/11/14,64.45,73.9
1/12/14,63.7,73.15
2/12/14,62.85,72.6
3/12/14,62.5,72.2
4/12/14,62.35,72.15
5/12/14,62.35,72
8/12/14,62.4,71.7
9/12/14,62.55,71.8
10/12/14,62.65,71.65
11/12/14,62.9,71.85
12/12/14,63.05,71.5
15/12/14,62.95,71.55
16/12/14,62.4,71.3
17/12/14,63.05,71.25
18/12/14,63.15,71.3
19/12/14,63.05,71.25
22/12/14,62.9,71.3
23/12/14,63.25,71.15
24/12/14,62.9,71.1
26/12/14,62.9,68.5
29/12/14,62.3,67.25
30/12/14,62.35,66.8
31/12/14,62.3,66.75
2/01/15,61.3,65.5
5/01/15,61.25,63.75
6/01/15,61.45,62.7
7/01/15,60.6,60.85
8/01/15,60.6,60.6
9/01/15,60.4,60.1
12/01/15,60.05,59.35
13/01/15,60.3,59.65
14/01/15,60.05,58.8
15/01/15,60.3,58.2
16/01/15,60.55,57.9
20/01/15,61.35,58.1
21/01/15,62.3,58.65
22/01/15,62.5,58.6
23/01/15,62.3,58.55
26/01/15,61.9,58.55
27/01/15,62.35,58.6
28/01/15,62.45,58.75
29/01/15,62.45,58.85
30/01/15,63.1,58.8
2/02/15,64.5,57.7
3/02/15,66.85,58.6
4/02/15,66.8,58.75
5/02/15,67.1,60.8
6/02/15,67.45,61.25
9/02/15,68.6,61.75
10/02/15,69.1,61.65
11/02/15,69.6,62.15
12/02/15,70.25,62.75
13/02/15,69.6,62.45
17/02/15,70.55,62.45
18/02/15,70.65,62.45
19/02/15,70.25,62
20/02/15,70.8,62.25
23/02/15,70.85,62.05
24/02/15,71.05,61.75
25/02/15,69.9,61.6
26/02/15,71.1,61.8
27/02/15,71.45,61.8
2/03/15,70.55,63.1
3/03/15,67.3,62.35
4/03/15,67.05,62.8
5/03/15,67,62.6
6/03/15,65.5,61.65
9/03/15,65.25,61.95
10/03/15,65,61.9
11/03/15,65.5,62.1
12/03/15,65.25,62.1
13/03/15,64.95,61.95
16/03/15,64.45,61.5
17/03/15,64.7,61.35
18/03/15,64.65,61.45
19/03/15,64.35,61
20/03/15,64.05,60.95
23/03/15,62.4,60.9
24/03/15,62.75,60.9
25/03/15,60.9,61
26/03/15,63.35,60.9
27/03/15,58.1,61.05
30/03/15,57.2,59.2
31/03/15,56.8,58.85
1/04/15,56,58.7
2/04/15,55.6,58.55
6/04/15,55.6,58.55
7/04/15,55,57.65
8/04/15,54.8,57.4
9/04/15,55.3,58.4
10/04/15,54.65,59.05
13/04/15,55,59.6
14/04/15,55.4,59.5
15/04/15,55.7,59.6
16/04/15,56.8,59.95
17/04/15,57.9,59.95
20/04/15,57.4,59.9
21/04/15,58.3,59.75
22/04/15,58.3,59.55
23/04/15,58.4,59.6
24/04/15,60.85,59.65
27/04/15,61.65,59.4
28/04/15,61.95,59.4
29/04/15,61.9,59.95
30/04/15,62.05,59.8
1/05/15,62.2,59.9
5/05/15,62.5,60.15
6/05/15,62.3,60
7/05/15,61.85,59.65
8/05/15,61.85,59.55
11/05/15,61.6,59.5
12/05/15,61.4,59.35
13/05/15,61.4,59.35
14/05/15,61.5,59.15
15/05/15,61.3,59.05
18/05/15,60.65,59.05
19/05/15,60.15,58.9
20/05/15,60.15,58.9
21/05/15,60.3,58.75
22/05/15,60,58.75
26/05/15,60.05,58.75
27/05/15,60.1,58.8
28/05/15,60.1,58.8
29/05/15,57.6,58.85
1/06/15,57.2,57.65
2/06/15,57.75,58.2
3/06/15,57.95,57.4
4/06/15,58.05,56.9
5/06/15,58.1,56.8
8/06/15,58.1,56.8
9/06/15,58.35,56.75
10/06/15,59.5,56.8
11/06/15,60.4,57.3
12/06/15,60,57.75
15/06/15,60.3,57.9
16/06/15,60.4,57.85
17/06/15,60.4,58
18/06/15,60.15,58
19/06/15,60.2,58
22/06/15,60.2,58.3
23/06/15,60.2,58.15
24/06/15,60.2,58.1
25/06/15,60.15,58.2
26/06/15,60.6,58.2
29/06/15,60.45,59.1
30/06/15,60.8,60.2
1/07/15,60.55,59.75
2/07/15,60.4,59.5
6/07/15,60.05,58.5
7/07/15,59.45,58.15
8/07/15,59.75,58.35
9/07/15,60.05,58.5
10/07/15,60.3,58.75
13/07/15,60.35,58.55
14/07/15,60.35,58.55
15/07/15,60.5,58.35
16/07/15,60.45,58.35
17/07/15,60.3,58.4
20/07/15,60.55,58.55
21/07/15,60.45,58.6
22/07/15,60.45,58.6
23/07/15,60.35,58.5
24/07/15,60.4,58.55
27/07/15,60.35,58.55
28/07/15,60.25,58.45
29/07/15,60.25,58.45
30/07/15,60.25,58.45
31/07/15,58.9,58.45
3/08/15,58.6,56.4
4/08/15,59.15,57.05
5/08/15,59.95,57.5
6/08/15,60.35,57.85
7/08/15,60.05,57.15
10/08/15,60.1,57.4
11/08/15,59.85,56.4
12/08/15,59.4,56.4
13/08/15,59.25,56.55
14/08/15,59.35,56.3
17/08/15,59.15,56.3
18/08/15,58.95,56.05
19/08/15,58.85,55.95
20/08/15,58.9,55.95
21/08/15,58.8,55.9
24/08/15,58.5,55.8
25/08/15,58.55,55.8
26/08/15,58.6,55.8
27/08/15,58.4,55.8
28/08/15,58.4,55.8
31/08/15,58.4,54.95
1/09/15,59.65,54.95
2/09/15,59.65,54.85
3/09/15,59.4,55.15
4/09/15,59.05,54.55
8/09/15,58.1,53.9
9/09/15,57.8,53.6
10/09/15,57.8,53.8
11/09/15,57.7,53.85
14/09/15,57.65,53.65
15/09/15,57.65,53.55
16/09/15,57.9,54.15
17/09/15,57.85,54.15
18/09/15,57.8,54.1
21/09/15,57.75,54
22/09/15,57.7,53.9
23/09/15,57.65,53.9
24/09/15,57.65,53.85
25/09/15,56.35,53.85
28/09/15,55.45,52.05
29/09/15,55.15,52.1
30/09/15,53.85,51.4
1/10/15,53.45,51
2/10/15,52.95,51.1
5/10/15,53.85,52
6/10/15,53.65,52.65
7/10/15,53.85,52.25
8/10/15,53.7,52.15
9/10/15,53.6,52.4
12/10/15,52.95,52.05
13/10/15,53.2,51.9
14/10/15,53.05,51.65
15/10/15,53.15,51.75
16/10/15,53.1,51.85
19/10/15,53.05,51.85
20/10/15,53.2,51.9
21/10/15,53.25,51.9
22/10/15,52.95,51.95
23/10/15,52.8,52.15
26/10/15,52.9,52.45
27/10/15,52.8,52.65
28/10/15,52.9,52.55
29/10/15,53.2,52.5
30/10/15,52.8,52.45
2/11/15,52.85,53.2
3/11/15,52.75,53.6
4/11/15,52.3,53.15
5/11/15,52.3,53.15
6/11/15,52.15,53.3
9/11/15,52.35,53
10/11/15,52.15,53.25
11/11/15,52.15,53.5
12/11/15,52.15,53.45
13/11/15,52.4,53.45
16/11/15,52.55,53.95
17/11/15,52.7,54.45
18/11/15,52.75,54.6
19/11/15,52.75,54.55
20/11/15,52.9,54.35
23/11/15,52.7,54
24/11/15,53.1,53.95
25/11/15,52.8,53.95
27/11/15,53.7,53.85
30/11/15,53.55,49.95
1/12/15,53.2,49.7
2/12/15,52.75,49.1
3/12/15,53,48.95
4/12/15,53,48.55
7/12/15,52.7,47.75
8/12/15,52.5,47.4
9/12/15,52.5,47.45
10/12/15,52.35,47.4
11/12/15,52.25,47.35
14/12/15,52.2,47.65
15/12/15,52.35,47.7
16/12/15,52.35,47.75
17/12/15,52.25,47.75
18/12/15,52.2,47.8
21/12/15,52.05,47.6
22/12/15,52.05,47.6
23/12/15,52.1,47.8
24/12/15,51.4,47.8
28/12/15,51.4,47.8
29/12/15,50.95,47.9
30/12/15,50.9,48.05
31/12/15,50.6,48.05
4/01/16,49.9,47.7
5/01/16,50.25,47.75
6/01/16,51.5,48.45
7/01/16,51.25,48.5
8/01/16,50.25,47.15
12/01/16,49.1,46.2
13/01/16,48.85,45.85
14/01/16,49.2,45.7
15/01/16,49.15,45.35
19/01/16,48.85,45.45
20/01/16,49,45.45
21/01/16,49,45.8
22/01/16,49,45.85
25/01/16,48.95,45.7
26/01/16,49.25,45.7
27/01/16,48.8,45.7
28/01/16,48.85,45.75
29/01/16,50.4,45.75
1/02/16,49.95,44.3
2/02/16,50.4,45.05
3/02/16,50.45,45.2
4/02/16,50.95,44.5
5/02/16,51.6,44.15
8/02/16,51.5,44.15
9/02/16,50.45,43.7
10/02/16,50.4,43.6
11/02/16,50.7,43.6
12/02/16,50.7,43.55
16/02/16,50.7,43.45
17/02/16,50.85,43.55
18/02/16,50.9,43.4
19/02/16,50.5,43.5
22/02/16,50.3,43.6
23/02/16,50.3,44
24/02/16,50.35,43.85
25/02/16,50.35,43.8
26/02/16,50.65,43.85
29/02/16,50.5,44.3
1/03/16,50.85,44.75
2/03/16,50.5,44.7
3/03/16,51.1,45.95
4/03/16,51,46.35
7/03/16,51,46.7
8/03/16,51.1,46.3
9/03/16,51.3,46.55
10/03/16,51.2,46.55
11/03/16,51.5,46.4
14/03/16,51.95,45.9
15/03/16,51.65,45.9
16/03/16,51.6,45.95
17/03/16,52.3,46.4
18/03/16,52.2,46.6
21/03/16,52,46.55
22/03/16,51.75,46.3
23/03/16,52.2,46.25
24/03/16,50.65,46.25
28/03/16,50.65,44.6
29/03/16,51.25,44.45
30/03/16,51.05,44.6
31/03/16,51.1,44.95
1/04/16,50.5,44.85
4/04/16,50.05,44.6
5/04/16,50.2,44.7
6/04/16,50.05,44.45
7/04/16,49.6,43.95
8/04/16,49.85,44.7
11/04/16,50.1,44.95
12/04/16,50.25,44.85
13/04/16,50.25,44.85
14/04/16,50.85,45.6
15/04/16,50.85,45.75
18/04/16,50.8,46.05
19/04/16,50.6,46.05
20/04/16,50.6,45.75
21/04/16,50.5,45.55
22/04/16,51,45.65
25/04/16,51,45.65
26/04/16,51.05,45.7
27/04/16,50.95,45.7
28/04/16,51,45.75
29/04/16,51,45.75
2/05/16,51,45.85
3/05/16,50.8,45.45
4/05/16,50.8,45.8
5/05/16,50.8,46.4
6/05/16,50.65,47.25
9/05/16,50.2,47.2
10/05/16,50.2,47.35
11/05/16,50.4,47.85
12/05/16,50.35,47.9
13/05/16,50.55,47.9
16/05/16,50.65,48.2
17/05/16,50.85,48.25
18/05/16,50.85,48.05
19/05/16,50.95,47.85
20/05/16,50.95,48
23/05/16,50.95,47.8
24/05/16,51,47.9
25/05/16,51.25,48.05
26/05/16,51.35,48.2
27/05/16,53.2,48.2
31/05/16,53.5,51.15
1/06/16,53.1,50.75
2/06/16,53.55,51.1
3/06/16,54,51.8
6/06/16,54.65,52.6
7/06/16,54.15,51.95
8/06/16,53.4,51
9/06/16,52.95,50.75
10/06/16,53,50.35
13/06/16,53.05,50.4
14/06/16,52.4,50.45
15/06/16,52.45,50.6
16/06/16,52.6,50.7
17/06/16,52.55,50.9
20/06/16,52.85,51.5
21/06/16,52.75,51.2
22/06/16,52.95,51.3
23/06/16,52.95,51.3
24/06/16,54.2,51.3
27/06/16,54.05,53
28/06/16,55.25,53.45
29/06/16,55.65,53.75
30/06/16,56.95,55
1/07/16,58.15,56.4
5/07/16,58.6,56.55
6/07/16,58.4,56.55
7/07/16,58.95,57.1
8/07/16,59.25,56.45
11/07/16,59.6,56.35
12/07/16,60.7,57.7
13/07/16,61.1,58.2
14/07/16,61.1,58.1
15/07/16,61.3,57.95
18/07/16,60.85,57.6
19/07/16,60.95,57.15
20/07/16,60.9,56.95
21/07/16,60.95,56.95
22/07/16,60.85,56.7
25/07/16,61.25,57
26/07/16,61.05,57.1
27/07/16,61.2,57.2
28/07/16,61.25,57.15
29/07/16,66.35,57.15
1/08/16,67.7,61.75
2/08/16,67.6,61.6
3/08/16,67.3,61.1
4/08/16,65,59.15
5/08/16,65,57.75
8/08/16,67.25,60.15
9/08/16,67,60.8
10/08/16,66.3,59.7
11/08/16,67.85,61
12/08/16,68.3,61.45
15/08/16,67.6,61
16/08/16,67.6,61.05
17/08/16,68.1,61.05
18/08/16,67.05,60.5
19/08/16,67.55,60.1
22/08/16,68.15,60.35
23/08/16,67.1,60.05
24/08/16,67,59.9
25/08/16,67.45,60.2
26/08/16,66.95,60.3
29/08/16,66.95,59.75
30/08/16,68,61.2
31/08/16,68.75,61.3
1/09/16,69.05,61.25
2/09/16,69.15,61.9
6/09/16,70.75,61.75
7/09/16,69.8,60.5
8/09/16,69.6,59.85
9/09/16,69.7,60.1
12/09/16,70,60.35
13/09/16,70.15,60.8
14/09/16,70.15,60.5
15/09/16,70.95,61.1
16/09/16,71.15,61.1
19/09/16,71.25,61.5
20/09/16,71.65,61.5
21/09/16,72.65,62.25
22/09/16,71.5,62.1
23/09/16,71.95,62.6
26/09/16,71.8,62.55
27/09/16,71.9,62.25
28/09/16,72.6,62.8
29/09/16,72.15,62.85
30/09/16,78.45,62.8
3/10/16,81.1,74.75
4/10/16,83.15,75.6
5/10/16,83.6,75.7
6/10/16,84.8,77.2
7/10/16,84.45,76.75
10/10/16,84.05,75.65
11/10/16,84.4,74.3
12/10/16,86,74.9
13/10/16,88,75
14/10/16,89.45,75.75
17/10/16,90.95,77.45
18/10/16,92.7,80.1
19/10/16,91.4,78.25
20/10/16,91.3,78.5
21/10/16,92.8,79.15
24/10/16,92.8,79.25
25/10/16,93.2,79.25
26/10/16,93.55,79.5
27/10/16,94.1,79.45
28/10/16,104,79.55
31/10/16,108.6,84.35
1/11/16,114.75,85.9
2/11/16,112.35,84.6
3/11/16,106.5,85.5
4/11/16,108.65,87.05
7/11/16,111.95,87.75
8/11/16,112.1,87.1
9/11/16,111.4,89.55
10/11/16,111.4,88.9
11/11/16,109.85,89.4
14/11/16,105.35,87.95
15/11/16,106.45,88.2
16/11/16,104.9,86.5
17/11/16,106.25,86.5
18/11/16,105.1,86.35
21/11/16,105.1,86.8
22/11/16,106.3,87.15
23/11/16,103.3,85.05
25/11/16,92.5,87
28/11/16,92.25,84.35
29/11/16,88.5,84.75
30/11/16,87.45,85.6
1/12/16,87.7,85.15
2/12/16,87.4,84.1
5/12/16,86.8,83.1
6/12/16,84,79.25
7/12/16,83,80.65
8/12/16,84,82.6
9/12/16,84.35,83.95
12/12/16,85.7,86.5
13/12/16,86,87.55
14/12/16,87.55,88.9
15/12/16,88.85,90.1
16/12/16,86.5,89.4
19/12/16,86.2,89.05
20/12/16,87,90
21/12/16,86.9,90.25
22/12/16,86.75,90
23/12/16,86.6,90.05
27/12/16,86.6,90.05
28/12/16,87.65,90.6
29/12/16,88.25,90.6
30/12/16,94.7,90.2
3/01/17,90.5,82.5
4/01/17,88.6,84.2
5/01/17,85.7,85.75
6/01/17,83.5,84.75
9/01/17,82.05,84.05
10/01/17,81.5,86.4
11/01/17,82.15,88.7
12/01/17,84.05,88.6
13/01/17,83.5,88.2
17/01/17,84.55,89.8
18/01/17,83.85,89.95
19/01/17,83.45,88.55
20/01/17,83.8,89.2
23/01/17,83.65,89.3
24/01/17,83.75,89.2
25/01/17,83.7,88.85
26/01/17,83.6,88.5
27/01/17,83.5,88.5
30/01/17,83.55,82.3
31/01/17,83,85.3
1/02/17,82.7,84.65
2/02/17,82.75,85.1
3/02/17,83,84.55
6/02/17,81.3,84.3
7/02/17,80.4,84.1
8/02/17,79.4,83.1
9/02/17,79.75,82.8
10/02/17,80.05,81.2
13/02/17,79.9,80.5
14/02/17,79.9,80.5
15/02/17,80,81.5
16/02/17,80,81.75
17/02/17,79.9,81.8
21/02/17,80.15,82.2
22/02/17,79.75,82.1
23/02/17,79.8,82.1
24/02/17,84,82.1
27/02/17,83.5,78.65
28/02/17,83.45,77.9
1/03/17,82.75,78.8
2/03/17,82.2,77.95
3/03/17,80.95,76.9
6/03/17,80.2,76.8
7/03/17,79.25,75.8
8/03/17,78.65,76.1
9/03/17,78.2,74.7
10/03/17,78.75,75.35
13/03/17,81.1,75.85
14/03/17,80.9,75.25
15/03/17,81.65,75.15
16/03/17,81.1,74.7
17/03/17,81.3,74.85
20/03/17,80.9,74.15
21/03/17,80.55,73.8
22/03/17,80.4,73.65
23/03/17,80.95,73.8
24/03/17,80.95,73.45
27/03/17,80.95,73.55
28/03/17,80.75,73.7
29/03/17,80.75,73.7
30/03/17,80.7,73.7
31/03/17,84.15,72.65
3/04/17,89.5,76.8
4/04/17,89.75,76.15
5/04/17,89.45,77.25
6/04/17,89.65,77.8
7/04/17,88.2,76.65
10/04/17,86.75,75.5
11/04/17,84.85,75.1
12/04/17,84.55,74.9
13/04/17,84.15,75.45
17/04/17,84.15,75.45
18/04/17,84.35,75.65
19/04/17,84.1,75.3
20/04/17,84.15,75.55
21/04/17,84.2,75.45
24/04/17,83.9,75.25
25/04/17,83.85,75.25
26/04/17,83.8,75.35
27/04/17,84.8,75.9
28/04/17,83.55,75.5
1/05/17,79.4,74.3
2/05/17,79,74.3
3/05/17,78,74.15
4/05/17,78,73.55
5/05/17,78,73.5
8/05/17,74.2,72.7
9/05/17,73.85,72.8
10/05/17,74.1,73.1
11/05/17,73.3,72.65
12/05/17,73.6,72.7
15/05/17,73.3,72.75
16/05/17,73.25,73.25
17/05/17,73.8,73.55
18/05/17,74.05,74.1
19/05/17,74.25,74.2
22/05/17,74.8,74.95
23/05/17,74.35,74.25
24/05/17,74.45,74.25
25/05/17,74.45,74.2
26/05/17,74.45,74.2
30/05/17,74.1,77.75
31/05/17,73.45,76.55
1/06/17,74.5,77.3
2/06/17,76,77.5
5/06/17,75.9,77.85
6/06/17,76.95,77.4
7/06/17,78.45,77.85
8/06/17,79.3,78.5
9/06/17,79.45,78.55
12/06/17,79.45,78.65
13/06/17,80.85,78.75
14/06/17,80.5,78.15
15/06/17,80.8,78.3
16/06/17,80.85,78.55
19/06/17,81.2,79.15
20/06/17,80.75,79.05
21/06/17,80.7,79.05
22/06/17,80.6,78.9
23/06/17,80.65,78.85
26/06/17,80.55,78.9
27/06/17,80.6,79.1
28/06/17,80.65,79.05
29/06/17,80.95,79
30/06/17,77.7,79.45
5/07/17,83.05,84.05
6/07/17,83.2,85.5
7/07/17,82.55,85.45
10/07/17,82.35,84.65
11/07/17,83.35,84.65
12/07/17,83.2,84.3
13/07/17,83.8,83.15
14/07/17,83.95,83.3
17/07/17,84.3,83.5
18/07/17,85.55,83.4
19/07/17,85.85,83
20/07/17,86.7,83.4
21/07/17,86.45,83.6
24/07/17,86.35,83.45
25/07/17,86.8,83.55
26/07/17,87.25,83.5
27/07/17,87.3,83.5
28/07/17,86,82.4
31/07/17,93.2,83.25
1/08/17,94.7,82.25
2/08/17,95.05,82.1
3/08/17,94.55,82.8
4/08/17,95.35,83.6
7/08/17,95,84
8/08/17,94.05,83.5
9/08/17,95.2,84.1
10/08/17,95.85,84.4
11/08/17,95.8,85.1
14/08/17,95.45,85.4
15/08/17,94.95,84.75
16/08/17,97.45,85.35
17/08/17,98.05,86.1
18/08/17,98.3,86.25
21/08/17,98.35,85.2
22/08/17,98.4,85.25
23/08/17,98.35,85.4
24/08/17,98.4,85.15
25/08/17,97.5,88.5
28/08/17,97.75,89
29/08/17,97.05,89.55
30/08/17,97.4,89.1
31/08/17,95.3,87.65
1/09/17,95.8,88.05
5/09/17,97.8,89.15
6/09/17,97.9,89.15
7/09/17,97.65,89.15
8/09/17,98.45,89.8
11/09/17,99.55,90.15
12/09/17,99.75,90
13/09/17,100.3,91.25
14/09/17,100,91.8
15/09/17,99.2,91.7
18/09/17,98.25,91.65
19/09/17,98.2,92.35
20/09/17,97.95,92.25
21/09/17,97.3,91.6
22/09/17,97.2,91.75
25/09/17,96.95,92.75
26/09/17,97,91.75
27/09/17,97.25,91.5
28/09/17,97.1,91.45
29/09/17,94.9,88.4
2/10/17,95.9,90.65
3/10/17,97,91.8
4/10/17,99,92.5
5/10/17,98.65,92.25
6/10/17,97.35,90.8
9/10/17,96.65,90.8
10/10/17,95.35,90.85
11/10/17,96.05,90.55
12/10/17,95.15,91.4
13/10/17,95.75,91.2
16/10/17,96.15,92.05
17/10/17,96.15,92.3
18/10/17,97.1,92.5
19/10/17,96.75,91.85
20/10/17,97.15,91.95
23/10/17,96.55,91.8
24/10/17,97.2,92.35
25/10/17,97.15,91.95
26/10/17,97.1,92.15
27/10/17,98.6,92.5
30/10/17,99.4,93.05
31/10/17,99.9,94.8
1/11/17,100,95.25
2/11/17,100.2,95.05
3/11/17,99,94
6/11/17,98.75,94.75
7/11/17,98.5,94.8
8/11/17,98,94.95
9/11/17,97.7,94.7
10/11/17,97.65,95.35
13/11/17,97.8,94.75
14/11/17,97.6,94.25
15/11/17,97.55,93.85
16/11/17,96.75,93.95
17/11/17,96.55,93.8
20/11/17,96.25,94.05
21/11/17,95.9,93.8
22/11/17,96.2,93.9
24/11/17,93.75,92.15
27/11/17,95.05,91.85
28/11/17,96.4,92.05
29/11/17,96.8,93
30/11/17,96.8,92.7
1/12/17,96.95,92.7
4/12/17,97.3,93.55
5/12/17,96.55,93.35
6/12/17,97.1,93.9
7/12/17,97.25,93.7
8/12/17,97.55,94.4
11/12/17,98.05,94.7
12/12/17,98.65,95.3
13/12/17,99.65,95
14/12/17,99.7,95.1
15/12/17,100,95.15
18/12/17,100.15,95.1
19/12/17,100.3,94.85
20/12/17,100.25,94.85
21/12/17,100.2,94.8
22/12/17,100.2,94.8
26/12/17,100.2,94.8
27/12/17,100.2,94.8
28/12/17,101.2,94.8
29/12/17,101.65,95.6
2/01/18,102.65,96.65
3/01/18,103.8,96.45
4/01/18,104.95,96.15
8/01/18,106.75,96.45
9/01/18,107,96.1
10/01/18,106.55,95.65
11/01/18,106.1,95.4
12/01/18,105.85,95.55
16/01/18,106.45,95.35
17/01/18,106.55,95.2
18/01/18,106.75,95
19/01/18,106.75,95.2
22/01/18,106.5,95.25
23/01/18,106.5,95.25
24/01/18,106.95,95.15
25/01/18,106.5,95.2
26/01/18,108.25,92.4
29/01/18,109,91.2
30/01/18,107.15,90.85
31/01/18,104.35,89.6
1/02/18,104.4,87.75
2/02/18,104.75,88.4
5/02/18,104.55,87.25
6/02/18,104,85.5
7/02/18,102.75,85.65
8/02/18,100.9,83.65
9/02/18,101.15,82.25
12/02/18,101.65,82.45
13/02/18,102.65,84.45
14/02/18,104.4,85.05
15/02/18,104.15,84.9
16/02/18,104.7,85.15
20/02/18,105.25,85.65
21/02/18,105.55,85.6
22/02/18,105.65,86
23/02/18,108.15,87
26/02/18,104.6,83.55
27/02/18,104.3,82.05
28/02/18,104.25,81.55
1/03/18,102.9,79.2
2/03/18,102.9,78.95
5/03/18,102,80.05
6/03/18,101.5,81.1
7/03/18,99.75,81.5
8/03/18,99.95,81.1
9/03/18,99.4,81.3
12/03/18,98,80.95
13/03/18,98,81.35
14/03/18,97.7,81.05
15/03/18,97.85,80.95
16/03/18,97.15,80
19/03/18,96.75,79.5
20/03/18,97.35,80.5
21/03/18,97.15,80.4
22/03/18,96.7,80.2
23/03/18,96.75,79.55
26/03/18,96.6,79.45
27/03/18,96.9,79.35
28/03/18,96.65,79.4
29/03/18,92.25,79.5
3/04/18,92,80.7
4/04/18,93.55,79.9
5/04/18,94.15,80.55
6/04/18,93.9,81.2
9/04/18,94.2,82.1
10/04/18,93.5,82.15
11/04/18,93.65,82.25
12/04/18,93.65,81.95
13/04/18,93.4,81.8
16/04/18,93,81.85
17/04/18,92.05,81.15
18/04/18,92.65,81.3
19/04/18,93.75,81.8
20/04/18,93.45,81.8
23/04/18,93.35,81.95
24/04/18,93.25,81.8
25/04/18,93.45,81.8
26/04/18,93.5,81.7
27/04/18,97.25,84.6
30/04/18,99.4,85.2
1/05/18,102.05,85.3
2/05/18,101,85.1
3/05/18,100.1,85.2
4/05/18,100.55,85.25
7/05/18,100.55,85.25
8/05/18,101,86.75
9/05/18,100.7,87.1
10/05/18,101.5,88.1
11/05/18,101.75,88.45
14/05/18,102.5,89.65
15/05/18,104.25,89.5
16/05/18,104.6,89.7
17/05/18,104.15,90.2
18/05/18,104.35,89.6
21/05/18,104.6,89.6
22/05/18,105.2,89.65
23/05/18,104.75,89.45
24/05/18,104.7,89.75
25/05/18,106.6,91.6
29/05/18,106.85,94.2
30/05/18,108.65,95.75
31/05/18,110.15,95
1/06/18,111.05,95.3
4/06/18,113.3,95.75
5/06/18,113,94.9
6/06/18,112.8,94.8
7/06/18,114.1,95.4
8/06/18,113.85,95.5
11/06/18,114.35,96.15
12/06/18,115.55,96.85
13/06/18,116,96.8
14/06/18,115.5,96.75
15/06/18,115,96.5
18/06/18,115.9,96.8
19/06/18,115.35,97
20/06/18,114.45,96.6
21/06/18,114,96
22/06/18,114.05,96
25/06/18,114.5,96.1
26/06/18,114.75,96.05
27/06/18,114.4,96
28/06/18,114.4,96
29/06/18,113.9,98.15
2/07/18,115,98.75
3/07/18,115.35,99.4
5/07/18,116.6,100.4
6/07/18,116.1,100.2
9/07/18,116.1,101.95
10/07/18,117.45,102.2
11/07/18,117.9,102.6
12/07/18,118.05,101.55
13/07/18,117.7,101.4
16/07/18,118.25,100.7
17/07/18,118.7,100.8
18/07/18,119.6,101.85
19/07/18,119.3,100.95
20/07/18,117.7,100.15
23/07/18,118.65,100.75
24/07/18,119.3,100.9
25/07/18,119.9,100.95
26/07/18,119.9,101
27/07/18,115.2,94.7
30/07/18,115.55,94.8
31/07/18,117.55,95.1
1/08/18,117.8,95.15
2/08/18,117.35,94.75
3/08/18,117.45,94.45
6/08/18,116.8,96.05
7/08/18,116,96.75
8/08/18,115.9,96.4
9/08/18,116.3,96.45
10/08/18,116.65,96.85
13/08/18,117.5,97.6
14/08/18,118.4,98.2
15/08/18,118.15,97.6
16/08/18,118.1,97.85
17/08/18,118,98.2
20/08/18,117.65,98.2
21/08/18,117.55,97.5
22/08/18,117.5,96.9
23/08/18,117.15,96.95
24/08/18,117.9,97
27/08/18,118.9,98
28/08/18,117.5,97.6
29/08/18,117.65,97.9
30/08/18,117.5,97.9
31/08/18,115.2,98.8
4/09/18,115.35,100.75
5/09/18,114.8,101.45
6/09/18,114.8,101
7/09/18,114.55,99.75
10/09/18,115.3,100.25
11/09/18,115.65,100.95
12/09/18,115.05,100.5
13/09/18,115.3,100.4
14/09/18,115.4,99.5
17/09/18,114.6,99.35
18/09/18,114.15,98.65
19/09/18,114.5,100.3
20/09/18,113.15,99.65
21/09/18,113.45,100.3
24/09/18,113.75,100.35
25/09/18,113.7,100.3
26/09/18,113.7,100.3
27/09/18,113.7,100.35
28/09/18,114.15,100.95
1/10/18,114.6,101.8
2/10/18,114.05,101.2
3/10/18,113.9,101.65
4/10/18,113.75,100.8
5/10/18,113.65,101.35
8/10/18,112.75,101.3
9/10/18,110.95,100.8
10/10/18,109.85,99.9
11/10/18,108.7,99.1
12/10/18,109.2,99.1
15/10/18,109.25,99.1
16/10/18,109.1,99.05
17/10/18,109.15,99.3
18/10/18,109.75,99.7
19/10/18,110,100.5
22/10/18,110.1,100.35
23/10/18,109.5,100.4
24/10/18,109.75,100.35
25/10/18,109.75,100.4
26/10/18,108,98.85
29/10/18,108,99.2
30/10/18,107.5,98.7
31/10/18,105.2,97.55
1/11/18,102.85,95.35
2/11/18,103.4,96.1
5/11/18,103.9,94.7
6/11/18,103.5,93.25
7/11/18,105.45,94
8/11/18,105.35,92.3
9/11/18,105.9,91.7
12/11/18,105.85,92.8
13/11/18,105.5,91.45
14/11/18,103.35,90.5
15/11/18,104.15,89.95
16/11/18,102.5,89.1
19/11/18,102.95,88.75
20/11/18,102.3,88.05
21/11/18,102.45,87.8
26/11/18,101.4,88.55
27/11/18,101.55,88.6
28/11/18,101.55,88.6
29/11/18,101.55,88.6
30/11/18,102.9,86.2
3/12/18,102.45,86
4/12/18,102.85,85.8
5/12/18,102.65,86.05
6/12/18,102.55,86.4
7/12/18,102.55,86.55
10/12/18,102.65,86.55
11/12/18,102.15,86.95
12/12/18,101.65,87.7
13/12/18,102.15,87.9
14/12/18,102.3,88.5
17/12/18,101.85,88.6
18/12/18,101.5,88.4
19/12/18,101.6,88.25
20/12/18,101.65,88.55
21/12/18,101.7,88
26/12/18,101,87.5
27/12/18,101.55,87.25
28/12/18,102.6,86.05
2/01/19,101.1,85.45
3/01/19,99.6,83.75
4/01/19,99.5,83.45
7/01/19,99.05,81.5
8/01/19,97.8,82.05
9/01/19,98.1,82.05
10/01/19,97.85,82.15
11/01/19,98.05,82.55
14/01/19,97.35,82
15/01/19,98.7,82.5
16/01/19,99.7,82.95
17/01/19,100.3,83.4
18/01/19,99.75,83.2
22/01/19,99.2,82
23/01/19,99.2,81.95
24/01/19,99,81.85
25/01/19,99.45,79.75
28/01/19,99.45,79
29/01/19,99.2,79.75
30/01/19,99.3,79.85
31/01/19,99,79.05
1/02/19,98.35,77.75
4/02/19,98.2,76.3
5/02/19,98.3,75.7
6/02/19,98.3,76.05
7/02/19,97.8,75.2
8/02/19,97.2,74.1
11/02/19,96.7,73.6
12/02/19,95.65,73.15
13/02/19,95.7,74.1
14/02/19,94.95,73.75
15/02/19,94.85,74.1
19/02/19,95.2,74.05
20/02/19,95.2,74.35
21/02/19,95.2,74.25
22/02/19,93.6,73.05
25/02/19,93.7,73.25
26/02/19,94.8,74.05
27/02/19,94.9,75.05
28/02/19,96.05,75.05
1/03/19,97,74.6
4/03/19,98.15,75.1
5/03/19,98.05,74.5
6/03/19,97.45,73.45
7/03/19,97.6,73.15
8/03/19,95.55,72.35
11/03/19,94.55,72.3
12/03/19,95.05,72.65
13/03/19,94.5,71.8
14/03/19,94.6,71.95
15/03/19,93.85,71.4
18/03/19,93.8,71.45
19/03/19,93.45,71.25
20/03/19,93.55,71.2
21/03/19,93.5,70.95
22/03/19,93.3,70.85
25/03/19,93.55,70.7
26/03/19,93.2,70.7
27/03/19,93.5,70.6
28/03/19,92.95,70.45
29/03/19,84.7,61.95
1/04/19,82.5,58.75
2/04/19,81.1,56.4
3/04/19,79,54.8
4/04/19,77.7,56.05
5/04/19,78.85,56.25
8/04/19,80.4,58.7
9/04/19,81.2,59.05
10/04/19,82.2,59.8
11/04/19,84.15,59.8
12/04/19,84.2,60.15
15/04/19,84.35,59.4
16/04/19,84.1,59.6
17/04/19,84.6,59.6
18/04/19,84.45,59.4
22/04/19,84.45,59.4
23/04/19,84.6,59.65
24/04/19,84.65,59.35
25/04/19,85.45,59.35
26/04/19,87,59.4
29/04/19,86.9,58.85
30/04/19,87.3,59.05
1/05/19,87.2,58.35
2/05/19,87.2,59.15
3/05/19,87.6,60.9
6/05/19,86.95,60.5
7/05/19,87,59.6
8/05/19,87.2,60.45
9/05/19,86.25,59.35
10/05/19,86.15,59.15
13/05/19,85.55,58.7
14/05/19,84.8,59.25
15/05/19,84.45,58.95
16/05/19,84.15,58.5
17/05/19,84.1,58.4
20/05/19,83.85,58.3
21/05/19,83.85,58.2
22/05/19,84,58
23/05/19,83.75,57.8
24/05/19,83.65,57.5
28/05/19,83.3,57.05
29/05/19,83.45,56.9
30/05/19,83.4,56.8
31/05/19,75.8,52.9
3/06/19,73.25,51.55
4/06/19,73.35,52.3
5/06/19,72.85,51.6
6/06/19,73,51.85
7/06/19,72.8,52.35
10/06/19,73.5,53
11/06/19,74.15,51.05
12/06/19,71.95,50.5
13/06/19,71.85,50.25
14/06/19,71.4,50
17/06/19,71.15,49.35
18/06/19,70.8,48.65
19/06/19,70.6,48.7
20/06/19,70.5,48.95
21/06/19,71.3,49
24/06/19,70.6,48.95
25/06/19,70.95,48.95
26/06/19,70.9,48.9
27/06/19,71,48.9
28/06/19,67.25,49.6
1/07/19,68,50.55
2/07/19,70,51.45
3/07/19,72.75,52.8
8/07/19,75.2,57.05
9/07/19,74.9,56.4
10/07/19,75.45,58.1
11/07/19,75.05,58.5
12/07/19,74.6,57.85
15/07/19,74.35,57.75
16/07/19,73.3,57.3
17/07/19,74.3,57.8
18/07/19,73.85,57.65
19/07/19,74.1,58
22/07/19,74.5,58.1
23/07/19,73.85,58.1
24/07/19,74.2,58.1
25/07/19,74.4,58.1
26/07/19,73.4,59.7
29/07/19,71.6,58
30/07/19,69.65,57.9
31/07/19,69.45,57.9
1/08/19,69.45,58.55
2/08/19,69.15,58.15
5/08/19,68.9,57.05
6/08/19,68.05,56.1
7/08/19,67.75,56.15
8/08/19,67.8,56.5
9/08/19,67.85,56.25
12/08/19,67.3,56.3
13/08/19,67.15,56.4
14/08/19,66.85,56.1
15/08/19,66.35,56
16/08/19,66.3,55.9
19/08/19,66.35,55.8
20/08/19,65.95,55.65
21/08/19,65.45,55.35
22/08/19,65.35,55.1
23/08/19,65.75,54.9
26/08/19,65.75,54.9
27/08/19,65.4,54.95
28/08/19,65.6,54.8
29/08/19,65.3,54.7
30/08/19,65.75,55
3/09/19,66.5,56.95
4/09/19,66.35,56.75
5/09/19,66.9,57.4
6/09/19,66.25,57.65
9/09/19,65.55,58.4
10/09/19,65.8,60.65
11/09/19,65.35,60.45
12/09/19,65.5,60.75
13/09/19,65.7,60.95
16/09/19,66.15,61.75
17/09/19,65.6,61.55
18/09/19,65.35,61.05
19/09/19,65.55,60.9
20/09/19,65.45,61.25
23/09/19,65.35,60.9
24/09/19,65.2,61
25/09/19,65.4,60.25
26/09/19,65.15,60.9
27/09/19,68.15,59.65
30/09/19,70.05,60.9
1/10/19,67.4,60
2/10/19,66.25,59.4
3/10/19,64.8,59.2
4/10/19,65.2,59.65
7/10/19,66.45,60.25
8/10/19,66.9,61.3
9/10/19,67.45,60.75
10/10/19,67.4,60.7
11/10/19,66.4,60.75
14/10/19,66.52,60.92
15/10/19,66.9,60.43
16/10/19,67.3,60.25
17/10/19,67.55,60.1
18/10/19,67.5,60
21/10/19,67.6,60.1
22/10/19,67.45,60.15
23/10/19,67,60.15
24/10/19,67.25,59.9
25/10/19,67.15,57.3
28/10/19,66.85,56.4
29/10/19,66.95,56.7
30/10/19,66.95,56.2
31/10/19,66.9,56.4
1/11/19,67.25,56.95
4/11/19,67.35,56.75
5/11/19,67.15,56.9
6/11/19,66.55,56.1
7/11/19,66.45,56.2
8/11/19,66.8,55.8
12/11/19,66.55,55.3
13/11/19,66.7,55.3
14/11/19,66.7,55.75
15/11/19,67.15,55.85
18/11/19,67.5,54.8
19/11/19,67.4,55.35
20/11/19,67.45,55.5
21/11/19,67.55,56.05
22/11/19,67.9,55.95
25/11/19,66.75,55.9
26/11/19,67.4,56.15
27/11/19,67.75,55.85
29/11/19,69.35,58.65
2/12/19,67.6,57.3
3/12/19,67.4,56.4
4/12/19,66.8,56
5/12/19,66.55,55.2
6/12/19,66.4,54.35
9/12/19,66.2,54.2
10/12/19,66,53.6
11/12/19,66.1,53.5
12/12/19,66.5,54
13/12/19,66.3,53.6
16/12/19,66.45,53.5
17/12/19,65.9,53.5
18/12/19,66.2,53.5
19/12/19,66.45,53.35
20/12/19,66.35,53.45
23/12/19,65.8,53.4
24/12/19,66.5,53.2
26/12/19,66.5,53.2
27/12/19,68.4,54.2
30/12/19,67.7,52.75
31/12/19,67.7,53
2/01/20,67.9,52.1
3/01/20,67.5,52.75
6/01/20,67.25,52.65
7/01/20,67.15,52.55
8/01/20,67.1,52.5
9/01/20,68.95,52.7
10/01/20,70.9,52.9
13/01/20,72.25,53.5
14/01/20,70.8,52.2
15/01/20,70.5,51.8
16/01/20,70.45,51
17/01/20,70,50.5
21/01/20,69.05,50.6
22/01/20,67.9,50.25
23/01/20,69.1,50.4
24/01/20,69.1,50.25
27/01/20,69.1,50.35
28/01/20,68.35,50.35
29/01/20,68.6,50.15
30/01/20,68.65,50.45
31/01/20,66.3,48.1
3/02/20,66.3,47.7
4/02/20,68.55,48.9
5/02/20,69.3,49.45
6/02/20,69.7,48.9
7/02/20,68.5,48.2
10/02/20,68.1,47.5
11/02/20,68.95,48
12/02/20,68.9,48.75
13/02/20,69.1,49.9
14/02/20,69.45,50.3
18/02/20,68.4,49.7
19/02/20,68.2,49.3
20/02/20,68.6,48.4
21/02/20,67.9,48.3
24/02/20,68,48
25/02/20,67.9,48.15
26/02/20,67.75,48
27/02/20,67.9,47.9
28/02/20,66.4,46.65
2/03/20,66.35,46.85
3/03/20,66.2,46.95
4/03/20,65.75,47.3
5/03/20,66.4,47.8
6/03/20,65.9,47.4
9/03/20,65.15,46.4
10/03/20,65.3,46.4
11/03/20,65.65,46.5
12/03/20,65.4,45.8
13/03/20,65.8,46.55
16/03/20,65.55,46.5
17/03/20,66.05,47.1
18/03/20,66.1,47.8
19/03/20,66.15,46.9
20/03/20,66.3,47.5
23/03/20,66.05,47.4
24/03/20,66.5,47.65
25/03/20,66.35,48.25
26/03/20,66.5,47.95
27/03/20,71.65,52.6
30/03/20,69,50.75
31/03/20,67.85,49.3
1/04/20,66.7,48.1
2/04/20,66.2,47.45
3/04/20,66.05,46.1
6/04/20,64.15,46.3
7/04/20,63.8,47.05
8/04/20,62.65,46.6
9/04/20,63.6,46.8
13/04/20,63.6,46.7
14/04/20,62.75,45.75
15/04/20,62.25,45.3
16/04/20,61.9,45.5
17/04/20,62,45.4
20/04/20,61.5,45.55
21/04/20,61.25,45.45
22/04/20,61.15,45.15
23/04/20,60.95,44.9
24/04/20,52.55,41.1
27/04/20,50.5,39.1
28/04/20,51.25,38.45
29/04/20,51.25,39
30/04/20,52.35,39.85
1/05/20,51.25,39.5
4/05/20,50.6,39
5/05/20,50.5,39.6
6/05/20,51.2,40
7/05/20,51.15,40.2
8/05/20,51.15,40
11/05/20,51.7,39.9
12/05/20,52,39.7
13/05/20,52.4,39.35
14/05/20,51.75,39.1
15/05/20,50.95,38.75
18/05/20,51.4,38.85
19/05/20,51.8,38.85
20/05/20,52.05,38.8
21/05/20,51.9,38.75
22/05/20,51.95,38.65
26/05/20,52.4,38.6
27/05/20,52.5,38.7
28/05/20,52.25,38.8
29/05/20,53.9,42.1
1/06/20,55.65,44.85
2/06/20,55.55,46.75
3/06/20,55.8,46.6
4/06/20,55.2,45.7
5/06/20,55.6,46.2
8/06/20,54.85,45.95
9/06/20,53.7,45.6
10/06/20,53.05,44.95
11/06/20,52.9,44.35
12/06/20,53,44.5
15/06/20,53.4,45
16/06/20,53.35,44.8
17/06/20,53.35,44.6
18/06/20,52.95,44.7
19/06/20,53.1,45
22/06/20,53.1,45.6
23/06/20,53,44.85
24/06/20,52.85,45.25
25/06/20,53.25,45.25
26/06/20,54.2,49.45
29/06/20,52.7,50.05
30/06/20,52.15,49.85
1/07/20,51.6,49.95
6/07/20,52.65,51.2
7/07/20,53,50.65
8/07/20,52.55,49.5
9/07/20,52.4,49.3
10/07/20,52.4,48.7
13/07/20,52.2,48.8
14/07/20,52.5,48.65
15/07/20,52.6,49
16/07/20,52.35,49
17/07/20,52.2,49.25
20/07/20,52,49.05
21/07/20,52.05,49.6
22/07/20,52.1,49.7
23/07/20,51.95,49.6
24/07/20,52,49.55
27/07/20,52.25,49.5
28/07/20,51.8,49.7
29/07/20,51.8,49.7
30/07/20,51.9,49.85
31/07/20,52.7,51.9
3/08/20,52.6,51.7
4/08/20,52.45,51.6
5/08/20,51.6,51.3
6/08/20,50.2,50.2
7/08/20,51.2,50.8
10/08/20,50.5,50.55
11/08/20,49.9,50.3
12/08/20,49.5,49.7
13/08/20,49.9,49.5
14/08/20,50.4,49.25
17/08/20,50.45,49.4
18/08/20,50.45,49.35
19/08/20,50.25,49.15
20/08/20,50.1,48.9
21/08/20,49.8,48.65
24/08/20,49.7,48.8
25/08/20,49.75,48.9
26/08/20,49.7,48.95
27/08/20,49.8,48.9
28/08/20,50.6,52.2
31/08/20,51.95,52.9